metric,timestep,p,cliffs_delta
gene,400,0.10560943764183207,0.19420552286102308
gene,800,0.3742575935796667,0.10683567224988683
gene,1200,0.34841111068490427,0.11272068809416025
gene,1600,0.04756683724446414,0.23766410140334993
gene,2000,0.024231018667140967,0.27025803531009507
gene,2400,0.0031865832737409065,0.3535536441828882
gene,2800,0.00045026551242061303,0.4205522861023087
gene,3200,4.157462423904199e-05,0.49117247623358984
gene,3600,6.347990710619308e-06,0.5409687641466727
gene,4000,5.780309460197399e-07,0.5989135355364418
gene,4400,3.596548112300215e-07,0.6097781801720236
gene,4800,4.57060596277673e-08,0.6550475328202807
gene,5200,4.409906017470186e-09,0.7030330466274333
gene,5600,3.8189470493390324e-10,0.7501131733816206
gene,6000,1.3622638809027018e-10,0.7691263014938886
gene,6400,9.138959736143197e-11,0.7763693979176097
gene,6800,4.0691065059147826e-11,0.7908555907650521
gene,7200,1.7859643616141765e-11,0.8053417836124943
gene,7600,4.307679322346113e-12,0.8297872340425532
gene,8000,3.4772194249579403e-12,0.8334087822544137
gene,8400,8.002065687444435e-13,0.8578542326844726
gene,8800,2.3451776927503726e-13,0.8777727478497057
gene,9200,1.4907968554507795e-13,0.8850158442734269
gene,9600,6.688548968247357e-14,0.8976912630149388
gene,10000,1.7501619838836073e-14,0.9185151652331371
gene,10400,1.6499452658718653e-14,0.9194205522861023
gene,10800,1.0902445738977571e-14,0.9257582616568583
gene,11200,7.184226855523478e-15,0.9320959710276143
gene,11600,3.4918784457489987e-15,0.942960615663196
gene,12000,3.4918784457489987e-15,0.942960615663196
gene,12400,1.683506800893862e-15,0.9538252602987777
gene,12800,1.1653896689465852e-15,0.9592575826165686
gene,13200,7.113915598098758e-16,0.9665006790402897
gene,13600,4.605281402969991e-16,0.9728383884110458
gene,14000,5.550599464920101e-16,0.9701222272521502
gene,14400,3.587581005610463e-16,0.9764599366229063
gene,14800,3.3699765394090753e-16,0.9773653236758715
gene,15200,2.7922571657477294e-16,0.9800814848347669
gene,15600,2.1712869876743159e-16,0.9837030330466274
gene,16000,1.5835010576639307e-16,0.9882299683114532
gene,16400,1.3951063906518862e-16,0.9900407424173834
gene,16800,1.2288483835604e-16,0.9918515165233137
gene,17200,1.0821595004318667e-16,0.993662290629244
gene,17600,8.939165479070452e-17,0.9963784517881394
gene,18000,8.386547387253616e-17,0.9972838388411046
gene,18400,7.380438251554031e-17,0.9990946129470348
gene,18800,7.380438251554031e-17,0.9990946129470348
gene,19200,7.380438251554031e-17,0.9990946129470348
gene,19600,7.867648161211644e-17,0.9981892258940697
gene,20000,7.380438251554031e-17,0.9990946129470348
gene,20400,7.380438251554031e-17,0.9990946129470348
gene,20800,6.923008540664507e-17,1.0
gene,21200,6.923008540664507e-17,1.0
gene,21600,6.923008540664507e-17,1.0
gene,22000,6.923008540664507e-17,1.0
gene,22400,6.923008540664507e-17,1.0
gene,22800,6.923008540664507e-17,1.0
gene,23200,6.923008540664507e-17,1.0
gene,23600,6.923008540664507e-17,1.0
gene,24000,6.923008540664507e-17,1.0
gene,24400,6.923008540664507e-17,1.0
gene,24800,6.923008540664507e-17,1.0
gene,25200,6.923008540664507e-17,1.0
gene,25600,6.923008540664507e-17,1.0
gene,26000,6.923008540664507e-17,1.0
gene,26400,6.923008540664507e-17,1.0
gene,26800,6.923008540664507e-17,1.0
gene,27200,6.923008540664507e-17,1.0
gene,27600,6.923008540664507e-17,1.0
gene,28000,6.923008540664507e-17,1.0
gene,28400,6.923008540664507e-17,1.0
gene,28800,6.923008540664507e-17,1.0
gene,29200,6.923008540664507e-17,1.0
gene,29600,6.923008540664507e-17,1.0
gene,30000,6.923008540664507e-17,1.0
gene,30400,6.923008540664507e-17,1.0
gene,30800,6.923008540664507e-17,1.0
gene,31200,6.923008540664507e-17,1.0
gene,31600,6.923008540664507e-17,1.0
gene,32000,6.923008540664507e-17,1.0
gene,32400,6.923008540664507e-17,1.0
gene,32800,6.923008540664507e-17,1.0
gene,33200,6.923008540664507e-17,1.0
gene,33600,6.923008540664507e-17,1.0
gene,34000,6.923008540664507e-17,1.0
gene,34400,6.923008540664507e-17,1.0
gene,34800,6.923008540664507e-17,1.0
gene,35200,6.923008540664507e-17,1.0
gene,35600,6.923008540664507e-17,1.0
gene,36000,6.923008540664507e-17,1.0
gene,36400,6.923008540664507e-17,1.0
gene,36800,6.923008540664507e-17,1.0
gene,37200,6.923008540664507e-17,1.0
gene,37600,6.923008540664507e-17,1.0
gene,38000,6.923008540664507e-17,1.0
gene,38400,6.923008540664507e-17,1.0
gene,38800,6.923008540664507e-17,1.0
gene,39200,6.923008540664507e-17,1.0
gene,39600,6.923008540664507e-17,1.0
gene,40000,6.923008540664507e-17,1.0
gene,40400,6.923008540664507e-17,1.0
gene,40800,6.923008540664507e-17,1.0
gene,41200,6.923008540664507e-17,1.0
gene,41600,6.923008540664507e-17,1.0
gene,42000,6.923008540664507e-17,1.0
gene,42400,6.923008540664507e-17,1.0
gene,42800,6.923008540664507e-17,1.0
gene,43200,6.923008540664507e-17,1.0
gene,43600,6.923008540664507e-17,1.0
gene,44000,6.923008540664507e-17,1.0
gene,44400,6.923008540664507e-17,1.0
gene,44800,6.923008540664507e-17,1.0
gene,45200,6.923008540664507e-17,1.0
gene,45600,6.923008540664507e-17,1.0
gene,46000,6.923008540664507e-17,1.0
gene,46400,6.923008540664507e-17,1.0
gene,46800,6.923008540664507e-17,1.0
gene,47200,6.923008540664507e-17,1.0
gene,47600,6.923008540664507e-17,1.0
gene,48000,6.923008540664507e-17,1.0
gene,48400,6.923008540664507e-17,1.0
gene,48800,6.923008540664507e-17,1.0
gene,49200,6.923008540664507e-17,1.0
gene,49600,6.923008540664507e-17,1.0
gene,50000,6.923008540664507e-17,1.0
gene,50400,6.923008540664507e-17,1.0
gene,50800,6.923008540664507e-17,1.0
gene,51200,6.923008540664507e-17,1.0
gene,51600,6.923008540664507e-17,1.0
gene,52000,6.923008540664507e-17,1.0
gene,52400,6.923008540664507e-17,1.0
gene,52800,6.923008540664507e-17,1.0
gene,53200,6.923008540664507e-17,1.0
gene,53600,6.923008540664507e-17,1.0
gene,54000,6.923008540664507e-17,1.0
gene,54400,6.923008540664507e-17,1.0
gene,54800,6.923008540664507e-17,1.0
gene,55200,6.923008540664507e-17,1.0
gene,55600,6.923008540664507e-17,1.0
gene,56000,6.923008540664507e-17,1.0
gene,56400,6.923008540664507e-17,1.0
gene,56800,6.923008540664507e-17,1.0
gene,57200,6.923008540664507e-17,1.0
gene,57600,6.923008540664507e-17,1.0
gene,58000,6.923008540664507e-17,1.0
gene,58400,6.923008540664507e-17,1.0
gene,58800,6.923008540664507e-17,1.0
gene,59200,6.923008540664507e-17,1.0
gene,59600,6.923008540664507e-17,1.0
gene,60000,6.923008540664507e-17,1.0
gene,60400,6.923008540664507e-17,1.0
gene,60800,6.923008540664507e-17,1.0
gene,61200,6.923008540664507e-17,1.0
gene,61600,6.923008540664507e-17,1.0
gene,62000,6.923008540664507e-17,1.0
gene,62400,6.923008540664507e-17,1.0
gene,62800,6.923008540664507e-17,1.0
gene,63200,6.923008540664507e-17,1.0
gene,63600,6.923008540664507e-17,1.0
gene,64000,6.923008540664507e-17,1.0
gene,64400,6.923008540664507e-17,1.0
gene,64800,6.923008540664507e-17,1.0
gene,65200,6.923008540664507e-17,1.0
gene,65600,6.923008540664507e-17,1.0
gene,66000,6.923008540664507e-17,1.0
gene,66400,6.923008540664507e-17,1.0
gene,66800,6.923008540664507e-17,1.0
gene,67200,6.923008540664507e-17,1.0
gene,67600,6.923008540664507e-17,1.0
gene,68000,6.923008540664507e-17,1.0
gene,68400,6.923008540664507e-17,1.0
gene,68800,6.923008540664507e-17,1.0
gene,69200,6.923008540664507e-17,1.0
gene,69600,6.923008540664507e-17,1.0
gene,70000,6.923008540664507e-17,1.0
gene,70400,6.923008540664507e-17,1.0
gene,70800,6.923008540664507e-17,1.0
gene,71200,6.923008540664507e-17,1.0
gene,71600,6.923008540664507e-17,1.0
gene,72000,6.923008540664507e-17,1.0
gene,72400,6.923008540664507e-17,1.0
gene,72800,6.923008540664507e-17,1.0
gene,73200,6.923008540664507e-17,1.0
gene,73600,6.923008540664507e-17,1.0
gene,74000,6.923008540664507e-17,1.0
gene,74400,6.923008540664507e-17,1.0
gene,74800,6.923008540664507e-17,1.0
gene,75200,6.923008540664507e-17,1.0
gene,75600,6.923008540664507e-17,1.0
gene,76000,6.923008540664507e-17,1.0
gene,76400,6.923008540664507e-17,1.0
gene,76800,6.923008540664507e-17,1.0
gene,77200,6.923008540664507e-17,1.0
gene,77600,6.923008540664507e-17,1.0
gene,78000,6.923008540664507e-17,1.0
gene,78400,6.923008540664507e-17,1.0
gene,78800,6.923008540664507e-17,1.0
gene,79200,6.923008540664507e-17,1.0
gene,79600,6.923008540664507e-17,1.0
gene,80000,6.923008540664507e-17,1.0
gene,80400,6.923008540664507e-17,1.0
gene,80800,6.923008540664507e-17,1.0
gene,81200,6.923008540664507e-17,1.0
gene,81600,6.923008540664507e-17,1.0
gene,82000,6.923008540664507e-17,1.0
gene,82400,6.923008540664507e-17,1.0
gene,82800,6.923008540664507e-17,1.0
gene,83200,6.923008540664507e-17,1.0
gene,83600,6.923008540664507e-17,1.0
gene,84000,6.923008540664507e-17,1.0
gene,84400,6.923008540664507e-17,1.0
gene,84800,6.923008540664507e-17,1.0
gene,85200,6.923008540664507e-17,1.0
gene,85600,7.380438251554031e-17,0.9990946129470348
gene,86000,7.380438251554031e-17,0.9990946129470348
gene,86400,7.380438251554031e-17,0.9990946129470348
gene,86800,7.380438251554031e-17,0.9990946129470348
gene,87200,7.380438251554031e-17,0.9990946129470348
gene,87600,7.380438251554031e-17,0.9990946129470348
gene,88000,7.380438251554031e-17,0.9990946129470348
gene,88400,7.380438251554031e-17,0.9990946129470348
gene,88800,7.380438251554031e-17,0.9990946129470348
gene,89200,7.867648161211644e-17,0.9981892258940697
gene,89600,7.867648161211644e-17,0.9981892258940697
gene,90000,7.867648161211644e-17,0.9981892258940697
gene,90400,7.867648161211644e-17,0.9981892258940697
gene,90800,7.867648161211644e-17,0.9981892258940697
gene,91200,7.867648161211644e-17,0.9981892258940697
gene,91600,6.923008540664507e-17,1.0
gene,92000,6.923008540664507e-17,1.0
gene,92400,7.380438251554031e-17,0.9990946129470348
gene,92800,6.923008540664507e-17,1.0
gene,93200,6.923008540664507e-17,1.0
gene,93600,6.923008540664507e-17,1.0
gene,94000,6.923008540664507e-17,1.0
gene,94400,6.923008540664507e-17,1.0
gene,94800,6.923008540664507e-17,1.0
gene,95200,7.380438251554031e-17,0.9990946129470348
gene,95600,6.923008540664507e-17,1.0
gene,96000,6.921241478975378e-17,1.0
gene,96400,6.923008540664507e-17,1.0
gene,96800,6.923008540664507e-17,1.0
gene,97200,6.923008540664507e-17,1.0
gene,97600,6.923008540664507e-17,1.0
gene,98000,6.923008540664507e-17,1.0
gene,98400,6.923008540664507e-17,1.0
gene,98800,7.867648161211644e-17,0.9981892258940697
gene,99200,8.939165479070452e-17,0.9963784517881394
gene,99600,7.867648161211644e-17,0.9981892258940697
gene,100000,7.380438251554031e-17,0.9990946129470348
gene,100400,7.380438251554031e-17,0.9990946129470348
gene,100800,8.939165479070452e-17,0.9963784517881394
gene,101200,1.0821595004318667e-16,0.993662290629244
gene,101600,1.2288483835604e-16,0.9918515165233137
gene,102000,1.3093780766238205e-16,0.9909461294703485
gene,102400,1.4863637059088366e-16,0.9891353553644183
gene,102800,1.3951063906518862e-16,0.9900407424173834
gene,103200,1.4863637059088366e-16,0.9891353553644183
gene,103600,8.939165479070452e-17,0.9963784517881394
gene,104000,1.3951063906518862e-16,0.9900407424173834
gene,104400,1.3951063906518862e-16,0.9900407424173834
gene,104800,1.2288483835604e-16,0.9918515165233137
gene,105200,8.939165479070452e-17,0.9963784517881394
gene,105600,7.380438251554031e-17,0.9990946129470348
gene,106000,8.386547387253616e-17,0.9972838388411046
gene,106400,1.0154323891935707e-16,0.9945676776822091
gene,106800,8.939165479070452e-17,0.9963784517881394
gene,107200,7.867648161211644e-17,0.9981892258940697
gene,107600,8.386547387253616e-17,0.9972838388411046
gene,108000,1.0154323891935707e-16,0.9945676776822091
gene,108400,9.527659887870167e-17,0.9954730647351743
gene,108800,1.0821595004318667e-16,0.993662290629244
gene,109200,9.527659887870167e-17,0.9954730647351743
gene,109600,8.939165479070452e-17,0.9963784517881394
gene,110000,7.867648161211644e-17,0.9981892258940697
gene,110400,7.380438251554031e-17,0.9990946129470348
gene,110800,7.380438251554031e-17,0.9990946129470348
gene,111200,6.923008540664507e-17,1.0
gene,111600,7.380438251554031e-17,0.9990946129470348
gene,112000,8.939165479070452e-17,0.9963784517881394
gene,112400,8.939165479070452e-17,0.9963784517881394
gene,112800,7.867648161211644e-17,0.9981892258940697
gene,113200,7.867648161211644e-17,0.9981892258940697
gene,113600,7.380438251554031e-17,0.9990946129470348
gene,114000,7.867648161211644e-17,0.9981892258940697
gene,114400,7.380438251554031e-17,0.9990946129470348
gene,114800,7.867648161211644e-17,0.9981892258940697
gene,115200,6.923008540664507e-17,1.0
gene,115600,6.923008540664507e-17,1.0
gene,116000,6.923008540664507e-17,1.0
gene,116400,7.867648161211644e-17,0.9981892258940697
gene,116800,8.939165479070452e-17,0.9963784517881394
gene,117200,8.939165479070452e-17,0.9963784517881394
gene,117600,8.939165479070452e-17,0.9963784517881394
gene,118000,8.939165479070452e-17,0.9963784517881394
gene,118400,8.939165479070452e-17,0.9963784517881394
gene,118800,1.0154323891935707e-16,0.9945676776822091
gene,119200,1.0154323891935707e-16,0.9945676776822091
gene,119600,1.0154323891935707e-16,0.9945676776822091
gene,120000,8.386547387253616e-17,0.9972838388411046
gene,120400,1.0154323891935707e-16,0.9945676776822091
gene,120800,8.386547387253616e-17,0.9972838388411046
gene,121200,8.386547387253616e-17,0.9972838388411046
gene,121600,8.386547387253616e-17,0.9972838388411046
gene,122000,8.386547387253616e-17,0.9972838388411046
gene,122400,8.386547387253616e-17,0.9972838388411046
gene,122800,1.0154323891935707e-16,0.9945676776822091
gene,123200,9.527659887870167e-17,0.9954730647351743
gene,123600,9.527659887870167e-17,0.9954730647351743
gene,124000,1.0154323891935707e-16,0.9945676776822091
gene,124400,9.527659887870167e-17,0.9954730647351743
gene,124800,8.939165479070452e-17,0.9963784517881394
gene,125200,8.939165479070452e-17,0.9963784517881394
gene,125600,8.939165479070452e-17,0.9963784517881394
gene,126000,8.939165479070452e-17,0.9963784517881394
gene,126400,8.939165479070452e-17,0.9963784517881394
gene,126800,8.939165479070452e-17,0.9963784517881394
gene,127200,1.0821595004318667e-16,0.993662290629244
gene,127600,9.527659887870167e-17,0.9954730647351743
gene,128000,8.939165479070452e-17,0.9963784517881394
gene,128400,8.386547387253616e-17,0.9972838388411046
gene,128800,8.939165479070452e-17,0.9963784517881394
gene,129200,9.527659887870167e-17,0.9954730647351743
gene,129600,9.527659887870167e-17,0.9954730647351743
gene,130000,1.0821595004318667e-16,0.993662290629244
gene,130400,1.2288483835604e-16,0.9918515165233137
gene,130800,1.1532063891796227e-16,0.9927569035762789
gene,131200,1.0154323891935707e-16,0.9945676776822091
gene,131600,1.1532063891796227e-16,0.9927569035762789
gene,132000,1.1532063891796227e-16,0.9927569035762789
gene,132400,1.0821595004318667e-16,0.993662290629244
gene,132800,8.386547387253616e-17,0.9972838388411046
gene,133200,9.527659887870167e-17,0.9954730647351743
gene,133600,9.527659887870167e-17,0.9954730647351743
gene,134000,9.527659887870167e-17,0.9954730647351743
gene,134400,8.386547387253616e-17,0.9972838388411046
gene,134800,8.939165479070452e-17,0.9963784517881394
gene,135200,8.386547387253616e-17,0.9972838388411046
gene,135600,6.923008540664507e-17,1.0
gene,136000,6.923008540664507e-17,1.0
gene,136400,6.923008540664507e-17,1.0
gene,136800,6.923008540664507e-17,1.0
gene,137200,6.923008540664507e-17,1.0
gene,137600,6.923008540664507e-17,1.0
gene,138000,6.923008540664507e-17,1.0
gene,138400,7.867648161211644e-17,0.9981892258940697
gene,138800,7.867648161211644e-17,0.9981892258940697
gene,139200,7.867648161211644e-17,0.9981892258940697
gene,139600,7.867648161211644e-17,0.9981892258940697
gene,140000,7.380438251554031e-17,0.9990946129470348
gene,140400,6.923008540664507e-17,1.0
gene,140800,6.923008540664507e-17,1.0
gene,141200,6.923008540664507e-17,1.0
gene,141600,6.923008540664507e-17,1.0
gene,142000,6.923008540664507e-17,1.0
gene,142400,7.867648161211644e-17,0.9981892258940697
gene,142800,7.380438251554031e-17,0.9990946129470348
gene,143200,7.380438251554031e-17,0.9990946129470348
gene,143600,7.380438251554031e-17,0.9990946129470348
gene,144000,6.923008540664507e-17,1.0
gene,144400,6.923008540664507e-17,1.0
gene,144800,6.923008540664507e-17,1.0
gene,145200,6.923008540664507e-17,1.0
gene,145600,6.923008540664507e-17,1.0
gene,146000,6.923008540664507e-17,1.0
gene,146400,6.923008540664507e-17,1.0
gene,146800,6.923008540664507e-17,1.0
gene,147200,6.923008540664507e-17,1.0
gene,147600,6.923008540664507e-17,1.0
gene,148000,6.923008540664507e-17,1.0
gene,148400,6.923008540664507e-17,1.0
gene,148800,6.923008540664507e-17,1.0
gene,149200,6.923008540664507e-17,1.0
gene,149600,6.923008540664507e-17,1.0
gene,150000,6.923008540664507e-17,1.0
gene,150400,6.923008540664507e-17,1.0
gene,150800,6.923008540664507e-17,1.0
gene,151200,6.923008540664507e-17,1.0
gene,151600,6.923008540664507e-17,1.0
gene,152000,6.923008540664507e-17,1.0
gene,152400,6.923008540664507e-17,1.0
gene,152800,6.923008540664507e-17,1.0
gene,153200,6.923008540664507e-17,1.0
gene,153600,6.923008540664507e-17,1.0
gene,154000,6.923008540664507e-17,1.0
gene,154400,6.923008540664507e-17,1.0
gene,154800,6.923008540664507e-17,1.0
gene,155200,6.923008540664507e-17,1.0
gene,155600,6.923008540664507e-17,1.0
gene,156000,6.923008540664507e-17,1.0
gene,156400,6.923008540664507e-17,1.0
gene,156800,6.923008540664507e-17,1.0
gene,157200,6.923008540664507e-17,1.0
gene,157600,6.923008540664507e-17,1.0
gene,158000,6.923008540664507e-17,1.0
gene,158400,6.923008540664507e-17,1.0
gene,158800,6.923008540664507e-17,1.0
gene,159200,6.923008540664507e-17,1.0
gene,159600,6.923008540664507e-17,1.0
gene,160000,6.923008540664507e-17,1.0
gene,160400,6.923008540664507e-17,1.0
gene,160800,6.923008540664507e-17,1.0
gene,161200,6.923008540664507e-17,1.0
gene,161600,6.923008540664507e-17,1.0
gene,162000,6.923008540664507e-17,1.0
gene,162400,6.923008540664507e-17,1.0
gene,162800,6.923008540664507e-17,1.0
gene,163200,6.923008540664507e-17,1.0
gene,163600,6.923008540664507e-17,1.0
gene,164000,6.923008540664507e-17,1.0
gene,164400,6.923008540664507e-17,1.0
gene,164800,6.923008540664507e-17,1.0
gene,165200,6.923008540664507e-17,1.0
gene,165600,6.923008540664507e-17,1.0
gene,166000,6.923008540664507e-17,1.0
gene,166400,6.923008540664507e-17,1.0
gene,166800,6.923008540664507e-17,1.0
gene,167200,6.923008540664507e-17,1.0
gene,167600,6.923008540664507e-17,1.0
gene,168000,6.923008540664507e-17,1.0
gene,168400,6.923008540664507e-17,1.0
gene,168800,6.923008540664507e-17,1.0
gene,169200,6.923008540664507e-17,1.0
gene,169600,6.923008540664507e-17,1.0
gene,170000,6.923008540664507e-17,1.0
gene,170400,6.923008540664507e-17,1.0
gene,170800,6.923008540664507e-17,1.0
gene,171200,6.923008540664507e-17,1.0
gene,171600,6.923008540664507e-17,1.0
gene,172000,6.923008540664507e-17,1.0
gene,172400,6.923008540664507e-17,1.0
gene,172800,6.923008540664507e-17,1.0
gene,173200,6.923008540664507e-17,1.0
gene,173600,6.923008540664507e-17,1.0
gene,174000,6.923008540664507e-17,1.0
gene,174400,6.923008540664507e-17,1.0
gene,174800,6.923008540664507e-17,1.0
gene,175200,7.380438251554031e-17,0.9990946129470348
gene,175600,7.380438251554031e-17,0.9990946129470348
gene,176000,6.923008540664507e-17,1.0
gene,176400,6.923008540664507e-17,1.0
gene,176800,6.923008540664507e-17,1.0
gene,177200,7.380438251554031e-17,0.9990946129470348
gene,177600,6.923008540664507e-17,1.0
gene,178000,7.380438251554031e-17,0.9990946129470348
gene,178400,7.380438251554031e-17,0.9990946129470348
gene,178800,7.380438251554031e-17,0.9990946129470348
gene,179200,7.867648161211644e-17,0.9981892258940697
gene,179600,8.386547387253616e-17,0.9972838388411046
gene,180000,8.386547387253616e-17,0.9972838388411046
gene,180400,7.380438251554031e-17,0.9990946129470348
gene,180800,7.380438251554031e-17,0.9990946129470348
gene,181200,7.380438251554031e-17,0.9990946129470348
gene,181600,7.867648161211644e-17,0.9981892258940697
gene,182000,7.867648161211644e-17,0.9981892258940697
gene,182400,7.867648161211644e-17,0.9981892258940697
gene,182800,7.867648161211644e-17,0.9981892258940697
gene,183200,8.386547387253616e-17,0.9972838388411046
gene,183600,7.380438251554031e-17,0.9990946129470348
gene,184000,7.867648161211644e-17,0.9981892258940697
gene,184400,7.867648161211644e-17,0.9981892258940697
gene,184800,7.867648161211644e-17,0.9981892258940697
gene,185200,7.867648161211644e-17,0.9981892258940697
gene,185600,7.380438251554031e-17,0.9990946129470348
gene,186000,6.923008540664507e-17,1.0
gene,186400,6.923008540664507e-17,1.0
gene,186800,6.923008540664507e-17,1.0
gene,187200,6.923008540664507e-17,1.0
gene,187600,6.923008540664507e-17,1.0
gene,188000,6.923008540664507e-17,1.0
gene,188400,6.923008540664507e-17,1.0
gene,188800,7.380438251554031e-17,0.9990946129470348
gene,189200,7.380438251554031e-17,0.9990946129470348
gene,189600,6.923008540664507e-17,1.0
gene,190000,6.923008540664507e-17,1.0
gene,190400,7.380438251554031e-17,0.9990946129470348
gene,190800,7.867648161211644e-17,0.9981892258940697
gene,191200,8.386547387253616e-17,0.9972838388411046
gene,191600,7.867648161211644e-17,0.9981892258940697
gene,192000,7.867648161211644e-17,0.9981892258940697
gene,192400,7.380438251554031e-17,0.9990946129470348
gene,192800,7.380438251554031e-17,0.9990946129470348
gene,193200,7.867648161211644e-17,0.9981892258940697
gene,193600,7.380438251554031e-17,0.9990946129470348
gene,194000,6.923008540664507e-17,1.0
gene,194400,7.380438251554031e-17,0.9990946129470348
gene,194800,6.923008540664507e-17,1.0
gene,195200,7.380438251554031e-17,0.9990946129470348
gene,195600,7.380438251554031e-17,0.9990946129470348
gene,196000,7.867648161211644e-17,0.9981892258940697
gene,196400,7.867648161211644e-17,0.9981892258940697
gene,196800,7.380438251554031e-17,0.9990946129470348
gene,197200,7.380438251554031e-17,0.9990946129470348
gene,197600,7.378557798305909e-17,0.9990946129470348
gene,198000,6.923008540664507e-17,1.0
gene,198400,7.380438251554031e-17,0.9990946129470348
gene,198800,7.380438251554031e-17,0.9990946129470348
gene,199200,6.923008540664507e-17,1.0
gene,199600,7.380438251554031e-17,0.9990946129470348
population,0,2.1372364135355476e-05,0.5092802172928927
population,400,3.955627017350961e-05,0.4925305568130376
population,800,6.426810269414415e-05,0.4789497510185604
population,1200,2.8904827224798718e-05,0.5011317338162065
population,1600,1.058314410684116e-05,0.5278406518786781
population,2000,2.909560167320342e-06,0.5604345857854233
population,2400,6.886721781725785e-07,0.5948392937980986
population,2800,2.0882970912795222e-07,0.622000905387053
population,3200,1.4147879735987765e-08,0.6794929832503395
population,3600,5.052504443661824e-09,0.7003168854685378
population,4000,1.8342790046183093e-09,0.7202354006337709
population,4400,2.584665621424418e-10,0.7573562698053418
population,4800,5.51643097742832e-11,0.7854232684472612
population,5200,5.61993391293779e-12,0.8252602987777274
population,5600,1.0241631767966356e-12,0.8537799909461294
population,6000,1.2561924750906662e-13,0.8877320054323223
population,6400,1.910579031107686e-14,0.9171570846536895
population,6800,2.6386220737978873e-14,0.9121774558623812
population,7200,6.368204341102616e-15,0.9339067451335445
population,7600,5.824538246601811e-15,0.9352648257129923
population,8000,3.93846676723899e-15,0.9411498415572658
population,8400,2.4270430563340225e-15,0.9483929379809869
population,8800,1.029964870736666e-15,0.9610683567224989
population,9200,8.561998702720309e-16,0.9637845178813943
population,9600,8.045191499668344e-16,0.9646899049343595
population,10000,7.564544289611904e-16,0.9655952919873246
population,10400,4.900086610501795e-16,0.9719330013580806
population,10800,3.369154365637913e-16,0.9773653236758715
population,11200,3.5858338777096596e-16,0.9764599366229063
population,11600,2.791572198487378e-16,0.9800814848347669
population,12000,2.3851373978343345e-16,0.9823449524671797
population,12400,1.9135660259885437e-16,0.9855138071525578
population,12800,2.0386677254112777e-16,0.9846084200995926
population,13200,1.9140407068135227e-16,0.9855138071525578
population,13600,1.3083935104071246e-16,0.9909461294703485
population,14000,1.3093780766238205e-16,0.9909461294703485
population,14400,9.525249683106102e-17,0.9954730647351743
population,14800,1.1529162322415313e-16,0.9927569035762789
population,15200,8.934635231282261e-17,0.9963784517881394
population,15600,8.936900084374403e-17,0.9963784517881394
population,16000,6.919474842967349e-17,1.0
population,16400,6.919474842967349e-17,1.0
population,16800,6.917708632544009e-17,1.0
population,17200,6.919474842967349e-17,1.0
population,17600,6.921241478975378e-17,1.0
population,18000,6.923008540664507e-17,1.0
population,18400,6.919474842967349e-17,1.0
population,18800,6.915942847609331e-17,1.0
population,19200,6.923008540664507e-17,1.0
population,19600,6.923008540664507e-17,1.0
population,20000,6.923008540664507e-17,1.0
population,20400,6.917708632544009e-17,1.0
population,20800,6.919474842967349e-17,1.0
population,21200,6.921241478975378e-17,1.0
population,21600,6.921241478975378e-17,1.0
population,22000,6.919474842967349e-17,1.0
population,22400,6.921241478975378e-17,1.0
population,22800,6.923008540664507e-17,1.0
population,23200,6.919474842967349e-17,1.0
population,23600,6.921241478975378e-17,1.0
population,24000,6.919474842967349e-17,1.0
population,24400,6.915942847609331e-17,1.0
population,24800,6.919474842967349e-17,1.0
population,25200,6.921241478975378e-17,1.0
population,25600,6.921241478975378e-17,1.0
population,26000,6.921241478975378e-17,1.0
population,26400,6.919474842967349e-17,1.0
population,26800,6.919474842967349e-17,1.0
population,27200,6.917708632544009e-17,1.0
population,27600,6.921241478975378e-17,1.0
population,28000,6.921241478975378e-17,1.0
population,28400,6.921241478975378e-17,1.0
population,28800,6.921241478975378e-17,1.0
population,29200,6.917708632544009e-17,1.0
population,29600,6.914177488066902e-17,1.0
population,30000,6.923008540664507e-17,1.0
population,30400,6.919474842967349e-17,1.0
population,30800,6.921241478975378e-17,1.0
population,31200,6.921241478975378e-17,1.0
population,31600,6.923008540664507e-17,1.0
population,32000,6.923008540664507e-17,1.0
population,32400,6.90888396083186e-17,1.0
population,32800,6.921241478975378e-17,1.0
population,33200,6.915942847609331e-17,1.0
population,33600,6.923008540664507e-17,1.0
population,34000,6.917708632544009e-17,1.0
population,34400,6.919474842967349e-17,1.0
population,34800,6.921241478975378e-17,1.0
population,35200,6.919474842967349e-17,1.0
population,35600,6.917708632544009e-17,1.0
population,36000,6.921241478975378e-17,1.0
population,36400,6.917708632544009e-17,1.0
population,36800,6.919474842967349e-17,1.0
population,37200,6.915942847609331e-17,1.0
population,37600,6.923008540664507e-17,1.0
population,38000,6.921241478975378e-17,1.0
population,38400,6.915942847609331e-17,1.0
population,38800,6.914177488066902e-17,1.0
population,39200,6.917708632544009e-17,1.0
population,39600,6.921241478975378e-17,1.0
population,40000,6.914177488066902e-17,1.0
population,40400,6.917708632544009e-17,1.0
population,40800,6.917708632544009e-17,1.0
population,41200,6.915942847609331e-17,1.0
population,41600,6.917708632544009e-17,1.0
population,42000,6.917708632544009e-17,1.0
population,42400,6.917708632544009e-17,1.0
population,42800,6.919474842967349e-17,1.0
population,43200,6.915942847609331e-17,1.0
population,43600,6.914177488066902e-17,1.0
population,44000,6.921241478975378e-17,1.0
population,44400,6.917708632544009e-17,1.0
population,44800,6.919474842967349e-17,1.0
population,45200,6.921241478975378e-17,1.0
population,45600,6.914177488066902e-17,1.0
population,46000,6.917708632544009e-17,1.0
population,46400,6.915942847609331e-17,1.0
population,46800,6.915942847609331e-17,1.0
population,47200,6.919474842967349e-17,1.0
population,47600,6.915942847609331e-17,1.0
population,48000,6.914177488066902e-17,1.0
population,48400,6.919474842967349e-17,1.0
population,48800,6.919474842967349e-17,1.0
population,49200,6.921241478975378e-17,1.0
population,49600,6.915942847609331e-17,1.0
population,50000,6.915942847609331e-17,1.0
population,50400,6.919474842967349e-17,1.0
population,50800,6.921241478975378e-17,1.0
population,51200,6.915942847609331e-17,1.0
population,51600,6.917708632544009e-17,1.0
population,52000,6.914177488066902e-17,1.0
population,52400,6.910648044774429e-17,1.0
population,52800,6.917708632544009e-17,1.0
population,53200,6.917708632544009e-17,1.0
population,53600,6.921241478975378e-17,1.0
population,54000,6.915942847609331e-17,1.0
population,54400,6.914177488066902e-17,1.0
population,54800,6.914177488066902e-17,1.0
population,55200,6.910648044774429e-17,1.0
population,55600,6.919474842967349e-17,1.0
population,56000,6.912412553820675e-17,1.0
population,56400,6.921241478975378e-17,1.0
population,56800,6.921241478975378e-17,1.0
population,57200,6.917708632544009e-17,1.0
population,57600,6.917708632544009e-17,1.0
population,58000,6.915942847609331e-17,1.0
population,58400,6.910648044774429e-17,1.0
population,58800,6.915942847609331e-17,1.0
population,59200,6.915942847609331e-17,1.0
population,59600,6.914177488066902e-17,1.0
population,60000,6.914177488066902e-17,1.0
population,60400,6.915942847609331e-17,1.0
population,60800,6.915942847609331e-17,1.0
population,61200,6.914177488066902e-17,1.0
population,61600,6.912412553820675e-17,1.0
population,62000,6.921241478975378e-17,1.0
population,62400,6.917708632544009e-17,1.0
population,62800,6.914177488066902e-17,1.0
population,63200,6.914177488066902e-17,1.0
population,63600,6.917708632544009e-17,1.0
population,64000,6.914177488066902e-17,1.0
population,64400,6.919474842967349e-17,1.0
population,64800,6.910648044774429e-17,1.0
population,65200,6.912412553820675e-17,1.0
population,65600,6.90888396083186e-17,1.0
population,66000,6.921241478975378e-17,1.0
population,66400,6.90888396083186e-17,1.0
population,66800,6.919474842967349e-17,1.0
population,67200,6.917708632544009e-17,1.0
population,67600,6.910648044774429e-17,1.0
population,68000,6.919474842967349e-17,1.0
population,68400,6.898308378974342e-17,1.0
population,68800,6.915942847609331e-17,1.0
population,69200,6.921241478975378e-17,1.0
population,69600,6.915942847609331e-17,1.0
population,70000,6.915942847609331e-17,1.0
population,70400,6.912412553820675e-17,1.0
population,70800,6.915942847609331e-17,1.0
population,71200,6.914177488066902e-17,1.0
population,71600,6.912412553820675e-17,1.0
population,72000,6.915942847609331e-17,1.0
population,72400,6.905357067873756e-17,1.0
population,72800,6.917708632544009e-17,1.0
population,73200,6.917708632544009e-17,1.0
population,73600,6.917708632544009e-17,1.0
population,74000,6.914177488066902e-17,1.0
population,74400,6.915942847609331e-17,1.0
population,74800,6.907120301896891e-17,1.0
population,75200,6.917708632544009e-17,1.0
population,75600,6.903594258665764e-17,1.0
population,76000,6.912412553820675e-17,1.0
population,76400,6.912412553820675e-17,1.0
population,76800,6.919474842967349e-17,1.0
population,77200,6.910648044774429e-17,1.0
population,77600,6.90888396083186e-17,1.0
population,78000,6.905357067873756e-17,1.0
population,78400,6.917708632544009e-17,1.0
population,78800,6.912412553820675e-17,1.0
population,79200,6.907120301896891e-17,1.0
population,79600,6.914177488066902e-17,1.0
population,80000,6.910648044774429e-17,1.0
population,80400,6.914177488066902e-17,1.0
population,80800,6.90888396083186e-17,1.0
population,81200,6.917708632544009e-17,1.0
population,81600,6.90888396083186e-17,1.0
population,82000,6.917708632544009e-17,1.0
population,82400,6.914177488066902e-17,1.0
population,82800,6.912412553820675e-17,1.0
population,83200,6.914177488066902e-17,1.0
population,83600,6.887748076644672e-17,1.0
population,84000,6.903594258665764e-17,1.0
population,84400,6.914177488066902e-17,1.0
population,84800,6.910648044774429e-17,1.0
population,85200,6.919474842967349e-17,1.0
population,85600,6.910648044774429e-17,1.0
population,86000,6.915942847609331e-17,1.0
population,86400,6.912412553820675e-17,1.0
population,86800,6.914177488066902e-17,1.0
population,87200,6.910648044774429e-17,1.0
population,87600,6.912412553820675e-17,1.0
population,88000,6.914177488066902e-17,1.0
population,88400,6.915942847609331e-17,1.0
population,88800,6.915942847609331e-17,1.0
population,89200,6.919474842967349e-17,1.0
population,89600,6.915942847609331e-17,1.0
population,90000,6.90888396083186e-17,1.0
population,90400,6.903594258665764e-17,1.0
population,90800,6.917708632544009e-17,1.0
population,91200,6.917708632544009e-17,1.0
population,91600,6.90888396083186e-17,1.0
population,92000,6.914177488066902e-17,1.0
population,92400,6.912412553820675e-17,1.0
population,92800,6.910648044774429e-17,1.0
population,93200,6.907120301896891e-17,1.0
population,93600,6.917708632544009e-17,1.0
population,94000,6.907120301896891e-17,1.0
population,94400,6.914177488066902e-17,1.0
population,94800,6.917708632544009e-17,1.0
population,95200,6.917708632544009e-17,1.0
population,95600,6.919474842967349e-17,1.0
population,96000,6.917708632544009e-17,1.0
population,96400,6.910648044774429e-17,1.0
population,96800,6.914177488066902e-17,1.0
population,97200,6.915942847609331e-17,1.0
population,97600,6.900069914312098e-17,1.0
population,98000,6.910648044774429e-17,1.0
population,98400,6.914177488066902e-17,1.0
population,98800,6.910648044774429e-17,1.0
population,99200,6.914177488066902e-17,1.0
population,99600,6.921241478975378e-17,1.0
population,100000,6.917708632544009e-17,1.0
population,100400,6.914177488066902e-17,1.0
population,100800,6.898308378974342e-17,1.0
population,101200,6.914177488066902e-17,1.0
population,101600,6.90888396083186e-17,1.0
population,102000,6.914177488066902e-17,1.0
population,102400,6.910648044774429e-17,1.0
population,102800,6.912412553820675e-17,1.0
population,103200,6.912412553820675e-17,1.0
population,103600,6.905357067873756e-17,1.0
population,104000,6.910648044774429e-17,1.0
population,104400,6.912412553820675e-17,1.0
population,104800,6.914177488066902e-17,1.0
population,105200,6.903594258665764e-17,1.0
population,105600,6.898308378974342e-17,1.0
population,106000,6.905357067873756e-17,1.0
population,106400,6.912412553820675e-17,1.0
population,106800,6.914177488066902e-17,1.0
population,107200,6.914177488066902e-17,1.0
population,107600,6.914177488066902e-17,1.0
population,108000,6.912412553820675e-17,1.0
population,108400,6.901831874177348e-17,1.0
population,108800,6.90888396083186e-17,1.0
population,109200,6.915942847609331e-17,1.0
population,109600,6.912412553820675e-17,1.0
population,110000,6.912412553820675e-17,1.0
population,110400,6.917708632544009e-17,1.0
population,110800,6.907120301896891e-17,1.0
population,111200,6.907120301896891e-17,1.0
population,111600,6.910648044774429e-17,1.0
population,112000,6.915942847609331e-17,1.0
population,112400,6.90888396083186e-17,1.0
population,112800,6.90888396083186e-17,1.0
population,113200,6.910648044774429e-17,1.0
population,113600,6.914177488066902e-17,1.0
population,114000,6.907120301896891e-17,1.0
population,114400,6.912412553820675e-17,1.0
population,114800,6.912412553820675e-17,1.0
population,115200,6.915942847609331e-17,1.0
population,115600,6.907120301896891e-17,1.0
population,116000,6.914177488066902e-17,1.0
population,116400,6.90888396083186e-17,1.0
population,116800,6.912412553820675e-17,1.0
population,117200,6.907120301896891e-17,1.0
population,117600,6.907120301896891e-17,1.0
population,118000,6.90888396083186e-17,1.0
population,118400,6.914177488066902e-17,1.0
population,118800,6.912412553820675e-17,1.0
population,119200,6.914177488066902e-17,1.0
population,119600,6.919474842967349e-17,1.0
population,120000,6.915942847609331e-17,1.0
population,120400,6.914177488066902e-17,1.0
population,120800,6.90888396083186e-17,1.0
population,121200,6.907120301896891e-17,1.0
population,121600,6.914177488066902e-17,1.0
population,122000,6.90888396083186e-17,1.0
population,122400,6.90888396083186e-17,1.0
population,122800,6.914177488066902e-17,1.0
population,123200,6.917708632544009e-17,1.0
population,123600,6.912412553820675e-17,1.0
population,124000,6.919474842967349e-17,1.0
population,124400,6.917708632544009e-17,1.0
population,124800,6.901831874177348e-17,1.0
population,125200,6.910648044774429e-17,1.0
population,125600,6.914177488066902e-17,1.0
population,126000,6.914177488066902e-17,1.0
population,126400,6.910648044774429e-17,1.0
population,126800,6.914177488066902e-17,1.0
population,127200,6.910648044774429e-17,1.0
population,127600,6.912412553820675e-17,1.0
population,128000,6.914177488066902e-17,1.0
population,128400,6.90888396083186e-17,1.0
population,128800,6.915942847609331e-17,1.0
population,129200,6.907120301896891e-17,1.0
population,129600,6.912412553820675e-17,1.0
population,130000,6.915942847609331e-17,1.0
population,130400,6.912412553820675e-17,1.0
population,130800,7.863646631381258e-17,0.9981892258940697
population,131200,6.914177488066902e-17,1.0
population,131600,6.910648044774429e-17,1.0
population,132000,6.915942847609331e-17,1.0
population,132400,6.90888396083186e-17,1.0
population,132800,6.907120301896891e-17,1.0
population,133200,6.914177488066902e-17,1.0
population,133600,6.914177488066902e-17,1.0
population,134000,6.905357067873756e-17,1.0
population,134400,6.907120301896891e-17,1.0
population,134800,6.915942847609331e-17,1.0
population,135200,6.912412553820675e-17,1.0
population,135600,6.905357067873756e-17,1.0
population,136000,6.914177488066902e-17,1.0
population,136400,6.917708632544009e-17,1.0
population,136800,6.905357067873756e-17,1.0
population,137200,6.917708632544009e-17,1.0
population,137600,6.912412553820675e-17,1.0
population,138000,6.914177488066902e-17,1.0
population,138400,6.917708632544009e-17,1.0
population,138800,6.900069914312098e-17,1.0
population,139200,6.915942847609331e-17,1.0
population,139600,6.921241478975378e-17,1.0
population,140000,6.921241478975378e-17,1.0
population,140400,6.919474842967349e-17,1.0
population,140800,6.917708632544009e-17,1.0
population,141200,7.374798248126734e-17,0.9990946129470348
population,141600,6.915942847609331e-17,1.0
population,142000,6.919474842967349e-17,1.0
population,142400,6.917708632544009e-17,1.0
population,142800,6.900069914312098e-17,1.0
population,143200,6.915942847609331e-17,1.0
population,143600,6.914177488066902e-17,1.0
population,144000,7.374798248126734e-17,0.9990946129470348
population,144400,6.915942847609331e-17,1.0
population,144800,6.915942847609331e-17,1.0
population,145200,6.903594258665764e-17,1.0
population,145600,6.914177488066902e-17,1.0
population,146000,7.374798248126734e-17,0.9990946129470348
population,146400,6.910648044774429e-17,1.0
population,146800,6.912412553820675e-17,1.0
population,147200,6.910648044774429e-17,1.0
population,147600,6.910648044774429e-17,1.0
population,148000,6.912412553820675e-17,1.0
population,148400,6.90888396083186e-17,1.0
population,148800,6.921241478975378e-17,1.0
population,149200,6.905357067873756e-17,1.0
population,149600,7.37291915099159e-17,0.9990946129470348
population,150000,6.914177488066902e-17,1.0
population,150400,6.901831874177348e-17,1.0
population,150800,6.914177488066902e-17,1.0
population,151200,7.857647937161084e-17,0.9981892258940697
population,151600,6.912412553820675e-17,1.0
population,152000,6.912412553820675e-17,1.0
population,152400,6.907120301896891e-17,1.0
population,152800,6.915942847609331e-17,1.0
population,153200,6.910648044774429e-17,1.0
population,153600,6.915942847609331e-17,1.0
population,154000,6.910648044774429e-17,1.0
population,154400,6.910648044774429e-17,1.0
population,154800,6.903594258665764e-17,1.0
population,155200,6.917708632544009e-17,1.0
population,155600,6.917708632544009e-17,1.0
population,156000,6.912412553820675e-17,1.0
population,156400,6.907120301896891e-17,1.0
population,156800,6.903594258665764e-17,1.0
population,157200,6.90888396083186e-17,1.0
population,157600,6.914177488066902e-17,1.0
population,158000,6.907120301896891e-17,1.0
population,158400,6.914177488066902e-17,1.0
population,158800,6.896547268067718e-17,1.0
population,159200,6.907120301896891e-17,1.0
population,159600,6.912412553820675e-17,1.0
population,160000,6.891266480975781e-17,1.0
population,160400,6.910648044774429e-17,1.0
population,160800,6.917708632544009e-17,1.0
population,161200,6.910648044774429e-17,1.0
population,161600,6.901831874177348e-17,1.0
population,162000,6.912412553820675e-17,1.0
population,162400,6.910648044774429e-17,1.0
population,162800,6.912412553820675e-17,1.0
population,163200,6.914177488066902e-17,1.0
population,163600,6.912412553820675e-17,1.0
population,164000,6.90888396083186e-17,1.0
population,164400,6.910648044774429e-17,1.0
population,164800,6.921241478975378e-17,1.0
population,165200,6.912412553820675e-17,1.0
population,165600,6.907120301896891e-17,1.0
population,166000,6.910648044774429e-17,1.0
population,166400,6.912412553820675e-17,1.0
population,166800,6.915942847609331e-17,1.0
population,167200,6.90888396083186e-17,1.0
population,167600,6.915942847609331e-17,1.0
population,168000,6.912412553820675e-17,1.0
population,168400,6.915942847609331e-17,1.0
population,168800,6.910648044774429e-17,1.0
population,169200,6.90888396083186e-17,1.0
population,169600,6.90888396083186e-17,1.0
population,170000,6.910648044774429e-17,1.0
population,170400,6.915942847609331e-17,1.0
population,170800,6.917708632544009e-17,1.0
population,171200,6.903594258665764e-17,1.0
population,171600,6.910648044774429e-17,1.0
population,172000,6.912412553820675e-17,1.0
population,172400,6.914177488066902e-17,1.0
population,172800,6.905357067873756e-17,1.0
population,173200,6.912412553820675e-17,1.0
population,173600,6.90888396083186e-17,1.0
population,174000,6.912412553820675e-17,1.0
population,174400,6.910648044774429e-17,1.0
population,174800,6.90888396083186e-17,1.0
population,175200,6.919474842967349e-17,1.0
population,175600,6.914177488066902e-17,1.0
population,176000,6.912412553820675e-17,1.0
population,176400,6.898308378974342e-17,1.0
population,176800,6.912412553820675e-17,1.0
population,177200,6.912412553820675e-17,1.0
population,177600,6.915942847609331e-17,1.0
population,178000,6.914177488066902e-17,1.0
population,178400,6.912412553820675e-17,1.0
population,178800,6.90888396083186e-17,1.0
population,179200,6.90888396083186e-17,1.0
population,179600,6.914177488066902e-17,1.0
population,180000,6.915942847609331e-17,1.0
population,180400,6.903594258665764e-17,1.0
population,180800,6.90888396083186e-17,1.0
population,181200,6.907120301896891e-17,1.0
population,181600,6.903594258665764e-17,1.0
population,182000,6.917708632544009e-17,1.0
population,182400,6.891266480975781e-17,1.0
population,182800,6.905357067873756e-17,1.0
population,183200,6.907120301896891e-17,1.0
population,183600,6.914177488066902e-17,1.0
population,184000,6.903594258665764e-17,1.0
population,184400,6.90888396083186e-17,1.0
population,184800,6.910648044774429e-17,1.0
population,185200,6.907120301896891e-17,1.0
population,185600,6.903594258665764e-17,1.0
population,186000,6.905357067873756e-17,1.0
population,186400,6.901831874177348e-17,1.0
population,186800,6.903594258665764e-17,1.0
population,187200,6.910648044774429e-17,1.0
population,187600,6.907120301896891e-17,1.0
population,188000,6.907120301896891e-17,1.0
population,188400,6.900069914312098e-17,1.0
population,188800,6.907120301896891e-17,1.0
population,189200,6.914177488066902e-17,1.0
population,189600,6.914177488066902e-17,1.0
population,190000,6.905357067873756e-17,1.0
population,190400,6.912412553820675e-17,1.0
population,190800,6.90888396083186e-17,1.0
population,191200,6.905357067873756e-17,1.0
population,191600,6.90888396083186e-17,1.0
population,192000,6.910648044774429e-17,1.0
population,192400,6.898308378974342e-17,1.0
population,192800,6.910648044774429e-17,1.0
population,193200,6.915942847609331e-17,1.0
population,193600,6.87369140587733e-17,1.0
population,194000,6.910648044774429e-17,1.0
population,194400,6.905357067873756e-17,1.0
population,194800,6.914177488066902e-17,1.0
population,195200,6.912412553820675e-17,1.0
population,195600,6.905357067873756e-17,1.0
population,196000,6.90888396083186e-17,1.0
population,196400,6.905357067873756e-17,1.0
population,196800,6.914177488066902e-17,1.0
population,197200,6.903594258665764e-17,1.0
population,197600,6.914177488066902e-17,1.0
population,198000,6.900069914312098e-17,1.0
population,198400,6.910648044774429e-17,1.0
population,198800,6.900069914312098e-17,1.0
population,199200,6.90888396083186e-17,1.0
population,199600,6.905357067873756e-17,1.0
